﻿<?xml version="1.0" encoding="UTF-8" standalone="no" ?>
<language>

  <messages>
    <message id="%">%</message>
    <message id="&amp;Open">&amp;Open</message>
    <message id="&amp;Remove from list">&amp;Remove from list</message>
    <message id="-100%">-100%</message>
    <message id="0%">0%</message>
    <message id="300%">300%</message>
    <message id="AVE.NR.Tutorial.Dialog.Caption">How to use noise removal</message>
    <message id="AVE.NR.Tutorial.DontShowAgain">Don't show this message again</message>
    <message id="AVE.NR.Tutorial.GotIt">I've got it</message>
    <message id="AVE.NR.Tutorial.RemoveNoise">Remove Noise</message>
    <message id="AVE.NR.Tutorial.Step1">Select a part of your recording that contains only background noise.</message>
    <message id="AVE.NR.Tutorial.Step1.Group">Step 1. Selecting a noise sample</message>
    <message id="AVE.NR.Tutorial.Step2">The noise selected in the previous step will be removed throughout the entire recording.</message>
    <message id="AVE.NR.Tutorial.Step2.Group">Step 2. Noise Removal</message>
    <message id="AVE.NR.Tutorial.Step2.Info">Click Remove Noise</message>
    <message id="AVE.Ribbon.AdjustVolume">Adjust Volume</message>
    <message id="AVE.Ribbon.AdjustVolume.Tooltip">Volume</message>
    <message id="AVE.Ribbon.AdjustVolume.TooltipDesc">Adjust the volume of the current selection or entire recording.</message>
    <message id="AVE.Ribbon.AppMenu">Application menu</message>
    <message id="AVE.Ribbon.AppMenu.Close">Close</message>
    <message id="AVE.Ribbon.AppMenu.Close.TooltipDesc">Close the active document</message>
    <message id="AVE.Ribbon.AppMenu.Exit">Exit</message>
    <message id="AVE.Ribbon.AppMenu.Export">Export</message>
    <message id="AVE.Ribbon.AppMenu.MostRecentDocs.Caption">Recent Audio Files</message>
    <message id="AVE.Ribbon.AppMenu.Open">Open</message>
    <message id="AVE.Ribbon.AppMenu.ResetAllChanges">Reset All Changes</message>
    <message id="AVE.Ribbon.Close">Close</message>
    <message id="AVE.Ribbon.Delete">Delete</message>
    <message id="AVE.Ribbon.Delete.Tooltip">Delete</message>
    <message id="AVE.Ribbon.Delete.TooltipDesc">Delete the current selection.</message>
    <message id="AVE.Ribbon.Edit">Editing</message>
    <message id="AVE.Ribbon.EditorMainCategory">Home</message>
    <message id="AVE.Ribbon.FadeIn">Fade In</message>
    <message id="AVE.Ribbon.FadeIn.Tooltip">Fade In</message>
    <message id="AVE.Ribbon.FadeIn.TooltipDesc">Smoothly increase volume of the current selection.</message>
    <message id="AVE.Ribbon.FadeOut">Fade Out</message>
    <message id="AVE.Ribbon.FadeOut.Tooltip">Fade Out</message>
    <message id="AVE.Ribbon.FadeOut.TooltipDesc">Smoothly decrease volume of the current selection.</message>
    <message id="AVE.Ribbon.InsertSilence">Insert Silence</message>
    <message id="AVE.Ribbon.NoiseReduction">Remove Noise</message>
    <message id="AVE.Ribbon.NoiseReduction.Tooltip">Remove Noise</message>
    <message id="AVE.Ribbon.NoiseReduction.TooltipDesc">Remove noise throughout the entire recording. </message>
    <message id="AVE.Ribbon.QA">Quick access</message>
    <message id="AVE.Ribbon.QA.Redo">Redo</message>
    <message id="AVE.Ribbon.QA.Undo">Undo</message>
    <message id="AVE.Ribbon.SaveAndClose">Save and Close</message>
    <message id="AVE.Ribbon.SaveAndClose.Tooltip">Save and Close</message>
    <message id="AVE.Ribbon.SaveAndClose.TooltipDesc">Save changes and return to {PRODUCT}</message>
    <message id="AVE.Ribbon.ShowAll">Show All</message>
    <message id="AVE.Ribbon.ShowAll.Tooltip">Show All</message>
    <message id="AVE.Ribbon.ShowAll.TooltipDesc">Show the entire recording.</message>
    <message id="AVE.Ribbon.Silence">Silence</message>
    <message id="AVE.Ribbon.Silence.Tooltip">Silence</message>
    <message id="AVE.Ribbon.Silence.TooltipDesc">Insert silence into the current selection.</message>
    <message id="AVE.Ribbon.SilenceSelection">Silence Selection</message>
    <message id="AVE.Ribbon.Tools">Tools</message>
    <message id="AVE.Ribbon.Trim">Trim</message>
    <message id="AVE.Ribbon.Trim.Tooltip">Trim</message>
    <message id="AVE.Ribbon.Trim.TooltipDesc">Delete all except the current selection.</message>
    <message id="AVE.Ribbon.Zoom">Zoom</message>
    <message id="AVE.Ribbon.ZoomSelection">Zoom Selection</message>
    <message id="AVE.Ribbon.ZoomSelection.Tooltip">Zoom Selection</message>
    <message id="AVE.Ribbon.ZoomSelection.TooltipDesc">Zoom into the current selection.</message>
    <message id="AVE_AUDIO">Audio</message>
    <message id="AVE_AUDIO_EDITOR">iSpring Audio Editor</message>
    <message id="AVE_AUDIO_VIDEO_EDITOR">iSpring Audio/Video Editor</message>
    <message id="AVE_CANT_OPEN_MESSAGE">{EDITOR} cannot read this file.\nThis is not a valid media file, or its format is not currently supported.</message>
    <message id="AVE_CANT_OPEN_TITLE">{EDITOR}</message>
    <message id="AVE_CONFIRM_CLOSE_QUESTION">Do you want to close Audio/Video Editor?</message>
    <message id="AVE_CONFIRM_EXPORT_BEFORE_CLOSE_QUESTION">Do you want to export the {TYPE} before you continue?</message>
    <message id="AVE_EXPORT_AUDIO_FILENAME">Audio ({DATE})</message>
    <message id="AVE_EXPORT_DLG_TITLE">Export</message>
    <message id="AVE_EXPORT_PATH_INVALID">File is currently in use and cannot be overwritten.</message>
    <message id="AVE_EXPORT_VIDEO_FILENAME">Video ({DATE})</message>
    <message id="AVE_MP3_FILES">MP3 files</message>
    <message id="AVE_MP4_FILES">MP4 files</message>
    <message id="AVE_NOISE_PROFILE_ERROR">Cannot create noise profile</message>
    <message id="AVE_NOISE_REDUCTION">Remove Noise</message>
    <message id="AVE_NOISE_REDUCTION_QUESTION">Would you like to remove the selected noise from your entire clip?</message>
    <message id="AVE_NOISE_REQUIRED_SELECTION_RANGE">The selected fragment is too short.</message>
    <message id="AVE_REMOVING_NOISE">Removing Noise</message>
    <message id="AVE_RESET_ALL_CHANGES_QUESTION">Are you sure you want to reset all your changes?</message>
    <message id="AVE_RESET_ALL_CHANGES_TITLE">Reset All Changes</message>
    <message id="AVE_SELECTION_TOOLTIP">Begin: {BEGIN}\nEnd: {END}\nDuration: {DURATION}</message>
    <message id="AVE_VIDEO">Video</message>
    <message id="AVE_VIDEO_EDITOR">Video Editor</message>
    <message id="AVE_WAV_FILES">WAV files</message>
    <message id="AVE_WMV_FILES">WMV files</message>
    <message id="Account:">Account:</message>
    <message id="Activate product">Activate product</message>
    <message id="Add preloader">Add preloader</message>
    <message id="Add watermark">Add watermark</message>
    <message id="Adjust Volume">Adjust Volume</message>
    <message id="Advance with gestures or mouse click">Advance with gestures or mouse click</message>
    <message id="All slides">All slides</message>
    <message id="Allow playback in the following domains only (e.g. mysite.com;mirror1.othersite.com;localhost)">Allow playback in the following domains only (e.g. mysite.com;mirror1.othersite.com;localhost)</message>
    <message id="Audio files">Audio files</message>
    <message id="Auto play on-click animations each">Auto play on-click animations each</message>
    <message id="Automatically check for updates:">Automatically check for updates:</message>
    <message id="Available version:">Available version:</message>
    <message id="BTN_ABOUT_CAPTION">About</message>
    <message id="BTN_ACTIVATE_CAPTION">Activate</message>
    <message id="BTN_COMMUNITY_CAPTION">Community</message>
    <message id="BTN_DOWNGRADE">Return to the Full Version</message>
    <message id="BTN_FEEDBACK_CAPTION">Feedback</message>
    <message id="BTN_HELP_CAPTION">Help</message>
    <message id="BTN_MAINTENANCE">Renew Maintenance</message>
    <message id="BTN_RENEW_LICENSE_CAPTION">Renew License</message>
    <message id="BTN_SUPPORT">Support</message>
    <message id="BTN_UPDATE_CAPTION">Update</message>
    <message id="Basic Authentication">Basic Authentication</message>
    <message id="Browse…">Browse…</message>
    <message id="Buy Now">Buy now</message>
    <message id="CAM_AUDIO_LOST">Screeen recording has been interrupted.\nThe audio device has been unplugged, or audio resources have become unavailable.\nTo view the recorded material, press OK.</message>
    <message id="CEIP.Settings.Dialog.Agree">Take part in the customer experience improvement program</message>
    <message id="CEIP.Settings.Dialog.Decline">Decline to take part in the customer experience improvement program</message>
    <message id="CEIP.Settings.Dialog.LearnMore">Learn more about the customer experience improvement program</message>
    <message id="CEIP.Settings.Dialog.Title">Customer Experience Improvement Program</message>
    <message id="CMD_ADJUST_SELECTION_VOLUME">Adjust Volume</message>
    <message id="CMD_DELETE_SELECTION">Delete Fragment</message>
    <message id="CMD_FADE_SELECTION_VOLUME_IN">Fade In</message>
    <message id="CMD_FADE_SELECTION_VOLUME_OUT">Fade Out</message>
    <message id="CMD_INSERT_SILENCE">Insert Silence</message>
    <message id="CMD_RESET_ALL_CHANGES">Reset All Changes</message>
    <message id="CMD_SELECTION_NOISE_REDUCTION">Noise Reduction</message>
    <message id="CMD_SET_SELECTION_VOLUME">Selection Volume</message>
    <message id="CMD_SILENCE_SELECTION">Silence Selection</message>
    <message id="CMD_TRIM_SELECTION">Trim Fragment</message>
    <message id="Cancel">Cancel</message>
    <message id="Capturing...">Capturing…</message>
    <message id="Category:">Category:</message>
    <message id="Change License Key">Change License Key</message>
    <message id="Change License Server">Change License Server</message>
    <message id="Change slides automatically">Change slides automatically</message>
    <message id="Checking for Updates">Checking for Updates</message>
    <message id="Choose Presentation">Choose Presentation</message>
    <message id="Cl&amp;ear recent">Cl&amp;ear recent</message>
    <message id="Close">Close</message>
    <message id="Configure…">Configure…</message>
    <message id="Confirm password:">Confirm password:</message>
    <message id="Connect">Connect</message>
    <message id="Continue">Continue</message>
    <message id="Continue Trial">Continue Trial</message>
    <message id="Copyright Information">Copyright Information</message>
    <message id="CopyrightInformationWindow.CompanyURL">www.ispringsolutions.com</message>
    <message id="CopyrightInformationWindow.CopyrightInfo">Copyright © 2005-2019 iSpring Solutions Inc. and its licensors. All rights reserved.</message>
    <message id="CopyrightInformationWindow.ProductInfo">{PRODUCT} {SHORT_VERSION} ({VERSION_INFO})</message>
    <message id="CopyrightInformationWindow.ProductInfo.Build">build {BUILD}</message>
    <message id="CopyrightInformationWindow.ProductInfo.Version">Version {VERSION}</message>
    <message id="CopyrightInformationWindow.ThirdPartyComponentsPreamble">iSpring software uses the following third-party libraries, in whole or in part:</message>
    <message id="CopyrightInformationWindow.ThirdPartyComponentsPreambleNoCompanyName">This software uses the following third-party libraries, in whole or in part:</message>
    <message id="Custom Watermark">Custom Watermark</message>
    <message id="Customize control keys…">Customize control keys…</message>
    <message id="Customize…">Customize…</message>
    <message id="DEFAULT_CUSTOM_DICTIONARY_PREFIX">(Default)</message>
    <message id="Delete">Delete</message>
    <message id="Description:">Description:</message>
    <message id="Detach Media Content">Detach Media Content</message>
    <message id="Dialog">Dialog</message>
    <message id="Disable &quot;Print&quot; option">Disable "Print" option</message>
    <message id="Disable Flash menu">Disable Flash menu</message>
    <message id="Discard recording:">Discard recording:</message>
    <message id="Display after">Display after</message>
    <message id="Display until">Display until</message>
    <message id="Domain Restriction">Domain Restriction</message>
    <message id="Duration of silence:">Duration of silence:</message>
    <message id="EXPORT_ALL_SETTINGS_MENU_ITEM">Export all settings</message>
    <message id="EXPORT_IMPORT_BUTTON_TOOLTIP_DESCRIPTION">Export your publish settings into a file to access them later on any computer.</message>
    <message id="EXPORT_IMPORT_BUTTON_TOOLTIP_TITLE">Import or Export settings</message>
    <message id="Enable keyboard navigation">Enable keyboard navigation</message>
    <message id="Enable mouse click sounds">Enable mouse click sounds</message>
    <message id="Enable zooming with gestures">Enable zooming with gestures</message>
    <message id="Enter Another License Key">Enter Another License Key</message>
    <message id="Evaluation period has expired">Evaluation period has expired</message>
    <message id="Export/Import">Import/Export</message>
    <message id="Exporting">Exporting</message>
    <message id="Flash Movie Control">Flash Movie Control</message>
    <message id="Flash Movie Properties">Flash Movie Properties</message>
    <message id="Flash movies">Flash movies</message>
    <message id="Flash version:">Flash version:</message>
    <message id="Folder:">Folder:</message>
    <message id="Frame rate:">Frame rate:</message>
    <message id="Fullscreen">Fullscreen</message>
    <message id="GRP_ACTIVATION">Activation</message>
    <message id="Get a free license">Get a free license</message>
    <message id="Get technical support:">Get technical support:</message>
    <message id="Highlight mouse cursor">Highlight mouse cursor</message>
    <message id="IDC_COMPONENT_CHECK_FLASH">This feature requires Adobe Flash Player {VERSION} or higher to be installed.\n\nDo you want to install it now?</message>
    <message id="IDC_COMPONENT_CHECK_FLASH_LAUNCH">Adobe Flash Player ActiveX version {VERSION} or higher is required to launch {PRODUCT}.\n\nDo you want to install Adobe Flash Player now?</message>
    <message id="IDC_COMPONENT_CHECK_REINSTALL">The following iSpring components are missing or not installed properly:\n{COMPONENTS}\n\nPlease reinstall {PRODUCT}.</message>
    <message id="IDC_COMPONENT_CHECK_REINSTALL_CLOSE_POWER_POINT">The following iSpring components are missing or not installed properly:\n{COMPONENTS}\n\nPlease  reinstall {PRODUCT}.\n\nDo you want to download it right now?</message>
    <message id="IDC_DEFAULT_MICROPHONE_DEVICE_SUFFIX"> (Default)</message>
    <message id="IDC_NAVIGATION_FREE">Free - view slides in any order</message>
    <message id="IDC_NAVIGATION_LOCKED">Forward Only - only view the following slide</message>
    <message id="IDC_NAVIGATION_RESTRICTED">Limited - view the following slide and all visited</message>
    <message id="IDC_ONLINE_BAD_LOGIN_PASSWORD">Incorrect login or password</message>
    <message id="IDC_ONLINE_NETWORK_ERROR">A connection to {ONLINE} could not be established.\nPlease check your Internet connection and firewall settings.\n\nTry again or contact &lt;A&gt;Support&lt;/A&gt;</message>
    <message id="IDC_ONLINE_SERVER_ERROR">Server Error: {CODE}, {MESSAGE}</message>
    <message id="IDC_TINCAN_INVALID_EMAIL_CAPTION">Error</message>
    <message id="IDC_TINCAN_INVALID_EMAIL_MESSAGE">Please enter a valid email address.</message>
    <message id="IDS_ACADEMIC_LICENSE_TYPE">Academic</message>
    <message id="IDS_ACTIVATION_MANUAL_EMAIL_BODY">Dear Support Team,\n\nI am experiencing problems with automatic {PRODUCT} activation and would like to activate it manually. Here are the activation details:\n\nProduct version: {VERSION}\nLicense request code: {CODE}\nLicense key: {SERIAL}\n\nThanks in advance,\nYour customer</message>
    <message id="IDS_ACTIVATION_MANUAL_EMAIL_TITLE">Request for {PRODUCT} Manual Activation</message>
    <message id="IDS_ACTIVATION_MANUAL_EMAIL_TO">iSpring Support Team</message>
    <message id="IDS_ACTIVEX_DISABLED_INCORRECT_CONVERSION_WARNING">iSpring was unable to convert several objects in this presentation\nbecause ActiveX controls are disabled in PowerPoint's security settings.\n\nTo convert the presentation without this warning, ActiveX controls must be enabled in PowerPoint.\n\nClick the Help button to find out how to enable ActiveX controls in your PowerPoint.</message>
    <message id="IDS_ACTIVEX_DISABLED_INSERT_OBJECT_WARNING">iSpring has detected that ActiveX controls are disabled in PowerPoint's security settings.\nTo insert {OBJECT}, ActiveX controls must be enabled in PowerPoint.\n\nClick the Help button to find out how to enable ActiveX controls in your PowerPoint.</message>
    <message id="IDS_ADDITIONAL_COPYRIGHT_INFO">Additional Copyright Information</message>
    <message id="IDS_ADVANCED_PAGE_TITLE">Advanced</message>
    <message id="IDS_ANOTHER_LICENSE_SERVER">Choose Another License Server</message>
    <message id="IDS_AV_EDITOR_FILES_FILTER">All Supported Media|*.wav;*.mp3;*.wma;*.avi;*.wmv;*.asf;*.mpg;*.mpeg;*.mp4;*.mkv|Audio Files (*.wav, *.mp3, *.wma)|*.wav;*.mp3;*.wma|Video Files (*.avi, *.wmv, *.mpg, *.mp4, *.mkv)|*.avi;*.wmv;*.asf;*.mpg;*.mpeg;*.mp4;*.mkv|All Files (*.*)|*.*|</message>
    <message id="IDS_BROWSE">Browse…</message>
    <message id="IDS_BUSINESS_LICENSE_TYPE">Business</message>
    <message id="IDS_CANCEL">Cancel</message>
    <message id="IDS_CANT_INSERT_CHARACTER">Character cannot be inserted with the current view selected. Please switch to the "Normal View" mode in PowerPoint.</message>
    <message id="IDS_CANT_INSERT_CONTENTLIB_BACKGROUND">Background cannot be inserted with the current view selected. Please switch to the "Normal View" mode in PowerPoint.</message>
    <message id="IDS_CANT_INSERT_CONTENTLIB_ICON">Icon cannot be inserted with the current view selected. Please switch to the "Normal View" mode in PowerPoint.</message>
    <message id="IDS_CANT_INSERT_CONTENTLIB_OBJECT">Object cannot be inserted with the current view selected. Please switch to the "Normal View" mode in PowerPoint.</message>
    <message id="IDS_CANT_INSERT_CONTENTLIB_SLIDE">Slide cannot be inserted with the current view selected. Please switch to the "Normal View" mode in PowerPoint.</message>
    <message id="IDS_CANT_INSERT_FLASH">Flash cannot be inserted with the current View selected. Please switch to the "Normal View" mode in PowerPoint.</message>
    <message id="IDS_CANT_INSERT_INTERACTION">Interaction cannot be inserted with the current View selected. Please switch to the "Normal View" mode in PowerPoint.</message>
    <message id="IDS_CANT_INSERT_NO_SELECTED_SLIDE">No selected slide. Please select the slide to insert.</message>
    <message id="IDS_CANT_INSERT_QUIZ">Quiz cannot be inserted with the current View selected. Please switch to the "Normal View" mode in PowerPoint.</message>
    <message id="IDS_CANT_INSERT_SCENARIO">Simulation cannot be inserted with the current View selected. Please switch to the "Normal View" mode in PowerPoint.</message>
    <message id="IDS_CANT_INSERT_WEBOBJECT">Web Object cannot be inserted with the current View selected. Please switch to the "Normal View" mode in PowerPoint.</message>
    <message id="IDS_CANT_INSERT_YOUTUBE">YouTube cannot be inserted with the current View selected. Please switch to the "Normal View" mode in PowerPoint.</message>
    <message id="IDS_CHECK_UPDATES">Show updates</message>
    <message id="IDS_CONCURRENT_LICENSE_CONNECT">Unable to connect to the license server. Please contact your system administrator.</message>
    <message id="IDS_CONCURRENT_LICENSE_LIMIT">The limit of concurrent connections allowed by your license has been exceeded. To resolve this issue, please contact your system administrator.</message>
    <message id="IDS_CONCURRENT_LICENSE_TYPE">Concurrent</message>
    <message id="IDS_CONCURRENT_SERVER_FAILED">Connection with license server failed. Please contact your system administrator.</message>
    <message id="IDS_CONNECTED_TO_SERVER">Connected to server {SERVER}</message>
    <message id="IDS_CONTACT_YOUR_ADMINISTRATOR_FOR_RENEW_MAINTENANCE">Maintenance for {PRODUCT} is renewed on the license server.\nFor renewal contact your system administrator.</message>
    <message id="IDS_COPY_FILE_PROGRESS_TEMPLATE">Copying file {ITEM} of {COUNT}</message>
    <message id="IDS_COPY_OPERATION_UPDATE_PROJECT">Updating iSpring project…</message>
    <message id="IDS_DESTINATION_FILE_CAN_NOT_BE_OVERWRITTEN">"{TITLE}" can not be overwritten.</message>
    <message id="IDS_DONT_SAVE">Don't Save</message>
    <message id="IDS_ERROR_CREATING_FOLDER">Folder creation error</message>
    <message id="IDS_ERROR_CREATING_FOLDER_TEMPLATE">Folder creation error: {FILE_PATH}</message>
    <message id="IDS_ERROR_CREATING_OUTPUT_FOLDER_CAPTION">Publishing Error</message>
    <message id="IDS_ERROR_CREATING_OUTPUT_FOLDER_MESSAGE">Error creating output folder.</message>
    <message id="IDS_ERROR_DIRECTORY_WRITE_DENIED">Error creating output file. Access Denied.</message>
    <message id="IDS_ERROR_FILE_WRITE_ACCESS_DENIED">Unable to open the output file for writing. Access denied.</message>
    <message id="IDS_ERROR_WRITING_ZIP">An error occurred while creating the Zip archive.\n\nPlease check the free disk space and the size of your project.\nZip files are limited to 2Gb in size.</message>
    <message id="IDS_EVALUATED_VERSION">Trial version</message>
    <message id="IDS_EVALUATED_VERSION_DAYS_LEFT">{DAYS} day(s) left</message>
    <message id="IDS_EVALUATED_VERSION_EXPIRED">Evaluation period has expired</message>
    <message id="IDS_EVALUATED_VERSION_WITHOUT_DAYS">Trial version:</message>
    <message id="IDS_EXPIRATION_DATE">Expiration Date: </message>
    <message id="IDS_EXTENDED_FONT_COMPATIBILITY">Extended font compatibility</message>
    <message id="IDS_EXTENDED_FONT_COMPATIBILITY_DESCR">Check this option to generate True Type fonts for HTML5 browsers not supporting compressed WOFF fonts.\n\nThis option will increase the final size of your presentation since additional font files will be generated.</message>
    <message id="IDS_FILES_CORRUPTED">iSpring program files were corrupted.\nPlease reinstall iSpring.</message>
    <message id="IDS_FILE_NOT_FOUND">The file "{PATH}" is not found</message>
    <message id="IDS_FLASH_MOVIE_OBJECT">Flash movies</message>
    <message id="IDS_FOLLOW_US">Follow Us:</message>
    <message id="IDS_FPS">fps</message>
    <message id="IDS_FRAME_RATE_IS_INVALID">Frame rate must be within {MIN}-{MAX} frames/sec</message>
    <message id="IDS_FREE_INVALID_REGISTRATION_DATA">You have entered invalid registration data. Please make sure that the registration name and the license key are entered correctly.</message>
    <message id="IDS_GENERAL_PAGE_TITLE">General</message>
    <message id="IDS_GET_SUPPORT">Ask for support</message>
    <message id="IDS_GOVERNMENT_LICENSE_TYPE">Government</message>
    <message id="IDS_HEIGHT_IS_INVALID">Height must be within {MIN}-{MAX} pixels</message>
    <message id="IDS_INCORRECT_VAL">Delay Exceeds Slide's Duration</message>
    <message id="IDS_ISPRING_CLOUD_SERVICE_NAME">iSpring Cloud</message>
    <message id="IDS_ISPRING_LMS_SERVICE_NAME">iSpring Learn</message>
    <message id="IDS_LICENSE">License</message>
    <message id="IDS_LONG_FILE_PATH_SCREEN_RECORDING">The output file path is too long. Please try to publish the screen recording to a different folder.</message>
    <message id="IDS_LS_NOT_CONNECTED">Not connected to License Server</message>
    <message id="IDS_MAINTENANCE_DIALOG_TITLE">Maintenance</message>
    <message id="IDS_MAINTENANCE_EXPIRED_FOR_BUILD_TITLE">The Maintenance has expired.</message>
    <message id="IDS_MAINTENANCE_EXPIRED_STICKER">Maintenance expired</message>
    <message id="IDS_MAINTENANCE_EXPIRING_STICKER">Maintenance expires in {DAYS} [day,days] ({DATE})</message>
    <message id="IDS_MARKASFINAL_PRESENTATION">iSpring doesn't support presentations marked as "final".</message>
    <message id="IDS_NARRATION_ASK_SAVE_PRESENTATION">You must save the presentation in order to perform this operation. Do you want to save the presentation?</message>
    <message id="IDS_NARRATION_CREATE_FOLDER_FAIL_AND_ASK_USER">Unable to create the presentation resource files folder automatically. The disk can be write protected or full.\nDo you want to specify the presentation resource folder manually?</message>
    <message id="IDS_NE_IMPORT_ERROR_NO_DISK_SPACE">There is not enough disk space to complete the operation.</message>
    <message id="IDS_NO">No</message>
    <message id="IDS_NON_PROFIT_LICENSE_TYPE">Non profit</message>
    <message id="IDS_NOT_FOR_RESALE_LICENSE_TYPE">Not for resale</message>
    <message id="IDS_NO_MAINTENANCE_FOR_BUILD_TITLE">Your update subscription for {PRODUCT} has expired. </message>
    <message id="IDS_PASSWORD_EMPTY">Password field must not be empty</message>
    <message id="IDS_PERSONAL_LICENSE_TYPE">Personal</message>
    <message id="IDS_PRESENTER_NONE">None</message>
    <message id="IDS_PRODUCT_ACTIVATION_REQUIRED">Product activation required</message>
    <message id="IDS_PUBLISH_TO_VIDEO_MY_COMPUTER_DESTINATION">My Computer</message>
    <message id="IDS_PUBLISH_TO_VIDEO_PRIVATE_PERMISSION">Private (only specific YouTube users can view)</message>
    <message id="IDS_PUBLISH_TO_VIDEO_PUBLIC_PERMISSION">Public (anyone can search and view)</message>
    <message id="IDS_PUBLISH_TO_VIDEO_SIGN_IN_BEFORE_PUBLISH">You need to sign in to your account before publishing to YouTube</message>
    <message id="IDS_PUBLISH_TO_VIDEO_SIGN_IN_TO_SELECT_CATEGORY">Sign in to select category</message>
    <message id="IDS_PUBLISH_TO_VIDEO_UNLISTED_PERMISSION">Unlisted (can only be accessed by direct link)</message>
    <message id="IDS_PUBLISH_TO_VIDEO_YOUTUBE_DESTINATION">YouTube</message>
    <message id="IDS_PUBLISH_TO_YOUKU_FOR_FIRENDS_ONLY_PERMISSION">Friends Only (only specific Youku users can view)</message>
    <message id="IDS_PUBLISH_TO_YOUKU_REQUIRE_PASSWORD_PERMISSION">By password (can only be accessed with password)</message>
    <message id="IDS_QUIZ_SCORE_VARIABLE">Variable</message>
    <message id="IDS_RB_BTN_TUTORIALS">Tutorials</message>
    <message id="IDS_RB_PANEL_HELP">Help</message>
    <message id="IDS_RB_TAB_HELP">Help</message>
    <message id="IDS_READONLY_PRESENTATION">iSpring doesn't support read-only presentations.\nPlease reopen the presentation in read/write mode or save this presentation file under a different name.</message>
    <message id="IDS_REDO_FORMAT">Redo %d Actions</message>
    <message id="IDS_REDO_ONE">Redo 1 Action</message>
    <message id="IDS_RENEWAL_MANUAL_EMAIL_BODY">Dear Support Team,\n\nI am experiencing problems with automatic {PRODUCT} Maintenance renewal and would like to activate it manually. Here are the activation details:\n\nProduct version: {VERSION}\nLicense request code: {CODE}\nLicense key: {SERIAL}\nCurrent activation code: {ACTIVATION_CODE}\n\nThanks in advance,\nYour customer</message>
    <message id="IDS_RESUME_ALWAYS">Always resume</message>
    <message id="IDS_RESUME_NEVER">Always start over</message>
    <message id="IDS_RESUME_PROMPT">Prompt to resume</message>
    <message id="IDS_RES_NOT_FOUND_ATTACHMENT"> - {FILE_PATH} (Attachment)</message>
    <message id="IDS_RES_NOT_FOUND_AUDIO"> - {FILE_PATH} (Audio Narration)</message>
    <message id="IDS_RES_NOT_FOUND_BG_SOUND"> - {FILE_PATH} (Background Sound)</message>
    <message id="IDS_RES_NOT_FOUND_SLIDE_RES"> - {FILE_PATH} (Slide {SLIDE_INDEX})</message>
    <message id="IDS_RES_NOT_FOUND_VIDEO"> - {FILE_PATH} (Video Narration)</message>
    <message id="IDS_RETRY_ACCESS_DENIED">The action cannot be completed because iSpring has insufficient permissions to the file. Contact your system administrator and try again.\n\nFile:\n{FILE_PATH}</message>
    <message id="IDS_RETRY_FILE_USED_BY_ANOTHER_APP">The action cannot be completed because the file is used by another application. Close the file and try again.\n\nFile:\n{FILE_PATH}</message>
    <message id="IDS_RETRY_INSUFFICIENT_DISK_SPACE">The action cannot be completed because there is insufficient disk space. Clean up the disk and try again.</message>
    <message id="IDS_RETRY_WRITE_FILE">Unable to create an output file:\n{FILE_PATH}\nThe file can be write protected or used by another application, or there can be insufficient disk space.</message>
    <message id="IDS_SAVE">Save</message>
    <message id="IDS_SAVE_PRESET_TOOLTIP">Save Preset</message>
    <message id="IDS_SAVE_VIDEO">Save…</message>
    <message id="IDS_SAVING_PROJECT_OPERATION_DESCRIPTION">Saving project</message>
    <message id="IDS_SCORM_QUIZ_NOTEDITABLE">N/A</message>
    <message id="IDS_SCREENREC_AUDIO_CONVERSION_FAILED">Audio conversion failed</message>
    <message id="IDS_SCREENREC_AUDIO_CONVERSION_OPERATION_DESCRIPTION">Preparing Preview</message>
    <message id="IDS_SCREENREC_AUDIO_CONVERSION_UNKNOWN_ERROR">There was an error converting audio files</message>
    <message id="IDS_SCREENREC_CANCEL">Cancel</message>
    <message id="IDS_SCREENREC_CAPTURE_SIZE_TOOLTIP">Capture Size</message>
    <message id="IDS_SCREENREC_CLOSE_TOOLTIP">Close</message>
    <message id="IDS_SCREENREC_COMMON_DIALOG_CAPTION">Free Cam</message>
    <message id="IDS_SCREENREC_DEFAULT_AUDIO_CAPTURE_DEVICE">Default audio capture device</message>
    <message id="IDS_SCREENREC_DEFAULT_AUDIO_INPUT">Default audio input (Wave Mapper)</message>
    <message id="IDS_SCREENREC_DELETE_AND_START_OVER_TOOLTIP">Delete and Start Over</message>
    <message id="IDS_SCREENREC_DISCARD_RECORD_AND_START_OTHER_REQUEST">Do you want to delete this recording and start over?</message>
    <message id="IDS_SCREENREC_DISCARD_RECORD_REQUEST">Are you sure you want to discard this recording and exit?</message>
    <message id="IDS_SCREENREC_DONE">Done</message>
    <message id="IDS_SCREENREC_ERROR_INSERTING_VDIEO_IN_PRESENTATION">There was an error inserting the video into presentation</message>
    <message id="IDS_SCREENREC_ERROR_NO_DISK_SPACE">There is not enough disk space to complete the operation.</message>
    <message id="IDS_SCREENREC_FINISH_RECORDING_TOOLTIP">Finish Recording</message>
    <message id="IDS_SCREENREC_FLASH_FRAME_WINDOW_HELP">Press {KEY} when done recording</message>
    <message id="IDS_SCREENREC_INSERTION_VIDEO_INTO_PRESENTATION_FAILED">Failed to insert video into presentation</message>
    <message id="IDS_SCREENREC_INSERT_VIDEO_INTO_PRESENTATION_OPERATION_DESCRIPTION">Inserting video</message>
    <message id="IDS_SCREENREC_INVALID_PROJECT_FILE_FORMAT">Unable to open the specified file. The file is either corrupted or has an unsupported format.</message>
    <message id="IDS_SCREENREC_MUTE_MIC_TOOLTIP">Mute Mic</message>
    <message id="IDS_SCREENREC_NEW_PRESENTATION">New presentation</message>
    <message id="IDS_SCREENREC_NEW_RECORDING_REQUEST">Are you sure you want to close the window and start new recording?</message>
    <message id="IDS_SCREENREC_NO_ACTIVE_DEVICES_FOUND">No active devices found</message>
    <message id="IDS_SCREENREC_NO_SIZE_ON_DISK">No size on disk: </message>
    <message id="IDS_SCREENREC_OPEN_RECORDING_REQUEST">Do you want to save changes you made to this recording?</message>
    <message id="IDS_SCREENREC_OVERWRITE_EXISTING_PROJECT_REQUEST">{NAME} already exists.\nDo you want to replace it?</message>
    <message id="IDS_SCREENREC_PAUSE_RECORDING_TOOLTIP">Pause Recording</message>
    <message id="IDS_SCREENREC_POWER_POINT_MUST_BE_2007_AND_HIGHER">PowerPoint version must be 2007 and higher</message>
    <message id="IDS_SCREENREC_POWER_POINT_NOT_INSTALLED">Unable create new PowerPoint.Application instance. PowerPoint not installed</message>
    <message id="IDS_SCREENREC_PPT_PROJECT_NAME_TEMPLATE">Recording {INDEX}</message>
    <message id="IDS_SCREENREC_PREVEW_EDITOR_CAPTION">Free Cam</message>
    <message id="IDS_SCREENREC_PROJECT_FILE_NAME_TEMPLATE">Recording ({DATE}).screenrec</message>
    <message id="IDS_SCREENREC_PROJECT_MUST_CONTAIN_VIDEO">The video file is missing in the Free Cam project.</message>
    <message id="IDS_SCREENREC_PROJECT_NOT_FOUND">{PATH} was not found.</message>
    <message id="IDS_SCREENREC_RB_BTN_LABEL_EXPORT">Export destination</message>
    <message id="IDS_SCREENREC_RB_CLOSE">Close</message>
    <message id="IDS_SCREENREC_RB_DEST_CLOUD">iSpring Cloud</message>
    <message id="IDS_SCREENREC_RB_DEST_VIDEO">WMV Video</message>
    <message id="IDS_SCREENREC_RB_DEST_YOUTUBE">YouTube</message>
    <message id="IDS_SCREENREC_RB_EDIT_RECORDING">Edit</message>
    <message id="IDS_SCREENREC_RB_EXIT">Exit</message>
    <message id="IDS_SCREENREC_RB_EXPORT_PANEL">Export</message>
    <message id="IDS_SCREENREC_RB_EXPORT_RECORDING">Export</message>
    <message id="IDS_SCREENREC_RB_MAIN_CATEGORY">Home</message>
    <message id="IDS_SCREENREC_RB_NEW_RECORDING">New Recording</message>
    <message id="IDS_SCREENREC_RB_NEW_RECORDING_LARGE">New Recording</message>
    <message id="IDS_SCREENREC_RB_OPEN_RECORDING">Open Project</message>
    <message id="IDS_SCREENREC_RB_RECORDING_PANEL">Recording</message>
    <message id="IDS_SCREENREC_RB_SAVE_AND_RETURN">Save and Return</message>
    <message id="IDS_SCREENREC_RB_SAVE_AS_VIDEO">Save as Video</message>
    <message id="IDS_SCREENREC_RB_SAVE_RECORDING">Save Project</message>
    <message id="IDS_SCREENREC_RB_SAVE_RECORDING_AS">Save Project As</message>
    <message id="IDS_SCREENREC_RB_UPLOAD_TO_CLOUD">Upload to Cloud</message>
    <message id="IDS_SCREENREC_RB_UPLOAD_TO_YOUTUBE">Upload to YouTube</message>
    <message id="IDS_SCREENREC_RESUME_RECORDING_TOOLTIP">Resume Recording</message>
    <message id="IDS_SCREENREC_RETAKE">Retake</message>
    <message id="IDS_SCREENREC_SAVE_CHANGES_BEFORE_CLOSE">Do you want to save the recording?</message>
    <message id="IDS_SCREENREC_SAVE_CHANGES_TO_THIS_SCREEN_RECORING">Do you want to save changes you made to this recording? </message>
    <message id="IDS_SCREENREC_SETTINGS_TOOLTIP">Settings</message>
    <message id="IDS_SCREENREC_SHORTCUTS_MUST_BE_UNIQUE_TOOLTIP">Shortcut key must be unique</message>
    <message id="IDS_SCREENREC_START_RECORDING_TOOLTIP">Start a new screen recording</message>
    <message id="IDS_SCREENREC_UNABLE_GET_PRESENTATION_LIST">Unable get PowerPoint presentations list</message>
    <message id="IDS_SCREENREC_UNABLE_TO_SAVE_PROJECT">Unable to save project. Select another location.</message>
    <message id="IDS_SCREENREC_UNABLE_TO_START_PREVIEW_EDITOR">Unable to start Preview Editor. Please reinstall product.</message>
    <message id="IDS_SCREENREC_UNMUTE_MIC_TOOLTIP">Unmute Mic</message>
    <message id="IDS_SCREENREC_UNSAVED_PROJECT_NAME">Untitled</message>
    <message id="IDS_SCREENREC_UNSUPPORTED_VIDEO_FILE_FORMAT_ERROR">Unsupported video file format. Please reinstall product.</message>
    <message id="IDS_SCREENREC_UPLOAD_ON_CLOUD_OPERATION_DESCRIPTION">Uploading to iSpring Cloud</message>
    <message id="IDS_SCREENREC_UPLOAD_ON_YOUTUBE_OPERATION_DESCRIPTION">Uploading to YouTube</message>
    <message id="IDS_SCREENREC_VIDEO_CONVERSION_UNKNOWN_ERROR">There was an error exporting video to {FORMAT}</message>
    <message id="IDS_SCREENREC_VIDEO_EXPORTING_FAILED_CAPTION">Export to {FORMAT} has failed</message>
    <message id="IDS_SCREENREC_VIDEO_EXPORTING_OPERATION_DESCRIPTION">Exporting</message>
    <message id="IDS_SCREENREC_VIDEO_FILE_FILTER">MP4 Video (*.mp4)|*.mp4|</message>
    <message id="IDS_SCREENREC_VIDEO_FILE_NAME_TEMPLATE">Screen Recording ({DATE})</message>
    <message id="IDS_SCREENREC_WMV_VIDEO_FILE_FILTER">WMV Video (*.wmv)|*.wmv|</message>
    <message id="IDS_SCREENREC_WRITE_FAILED_ERROR">Write failed: </message>
    <message id="IDS_SCREEN_RECORDER_SLIDE_STUB">Screen Recording</message>
    <message id="IDS_SCREEN_RECORDER_SLIDE_STUB_INFO">Select this object and click\nthe [b]Screen Recording[b] button to edit</message>
    <message id="IDS_SCREEN_RECORDING_FAILED_START">Free Cam starting failed</message>
    <message id="IDS_SCREEN_RECORDING_FILE_FILTER">Free Cam (*.screenrec)|*.screenrec|</message>
    <message id="IDS_SCREEN_RECORDING_IS_ALREADY_RUNNING">Free Cam is already running.</message>
    <message id="IDS_SCRENREC_WARNING">Free Cam Warning</message>
    <message id="IDS_SCRRENREC_RB_DEST_PROJECT">Project</message>
    <message id="IDS_SIGN_IN_FAILED_NOT_LINKED_ACCOUNT_ERROR_DESCRIPTION">To sign in, please link your YouTube account with Google account.</message>
    <message id="IDS_SIGN_IN_FAILED_NOT_LINKED_ACCOUNT_ERROR_LEARN_MORE_LINK">http://youtube-global.blogspot.ru/2010/07/connecting-google-account-to-your-older.html</message>
    <message id="IDS_SITE_LICENSE">Site License</message>
    <message id="IDS_SPECIFY_FILE_NAME">Please specify file name</message>
    <message id="IDS_SPECIFY_FOLDER">Please specify output folder</message>
    <message id="IDS_SPECIFY_FTP">Please specify ftp account</message>
    <message id="IDS_SUBSCRIPTION_LICENSE_TYPE">Subscription</message>
    <message id="IDS_SUBSCRIPTION_VERSION_DAYS_LEFT">{DAYS} day(s) left</message>
    <message id="IDS_SWF_AND_PICTURES_FILES_FILTER">All supported (*.swf, *.bmp, *.gif, *.jpg, *.png, *.wmf, *.emf)|*.swf; *.bmp;*.gif;*.jpg;*.jpeg;*.jpe;*.png;*.wmf;*.emf|Images (*.bmp, *.gif, *.jpg, *.png, *.wmf, *.emf)|*.bmp;*.gif;*.jpg;*.jpeg;*.jpe;*.png;*.wmf;*.emf|Flash movies (*.swf)|*.swf|All Files (*.*)|*.*||</message>
    <message id="IDS_TOOL_ALLOW_SAVING_CONTENT">Use iSpring Play</message>
    <message id="IDS_TOOL_ALLOW_SAVING_CONTENT_DESCR">This option allows users to download and view your presentation on iOS and Android devices without Internet connection.</message>
    <message id="IDS_TOOL_ENABLE_API">Enable presentation control API</message>
    <message id="IDS_TOOL_ENABLE_API_DESCR">This option adds JavaScript and ActionScript 3 API modules for presentation playback control.</message>
    <message id="IDS_TOOL_ENDPOINT">xAPI endpoint is a Learning Record Store (LRS), which stores information about a learner's experience in content. Service-based model supports non-LMS users.</message>
    <message id="IDS_TOOL_EXTENDED_COMPATIBILITY">Extended audio and video compatibility</message>
    <message id="IDS_TOOL_EXTENDED_COMPATIBILITY_DESCR">Check this option to turn on audio and video compatibility with Firefox and Opera browsers.\n\nEnabling this option will increase the final size of your presentation since additional audio and video files will be generated.</message>
    <message id="IDS_TOOL_SAVE_ANIMATION_STATE">Save slide animation state</message>
    <message id="IDS_TOOL_SAVE_ANIMATION_STATE_DESCR">Animated objects will save their state when visiting the slide again. It works for bullets that appear on mouse clicks, triggered animations, etc.\n\nOnly for HTML5 output.</message>
    <message id="IDS_TOOL_UPLOAD_SOURCE">Upload source files</message>
    <message id="IDS_TOOL_UPLOAD_SOURCE_DESCR">Upload all source files of your project to {ONLINE}.</message>
    <message id="IDS_TOTAL_DURATION">Total duration: </message>
    <message id="IDS_TRIAL_LICENSE_TYPE">Trial</message>
    <message id="IDS_UNREGISTERED_VERSION">Unregistered version</message>
    <message id="IDS_UPDATE_AVAILABLE">A new version of {PRODUCT} is available</message>
    <message id="IDS_UPDATE_CHECKING">Checking for updates…</message>
    <message id="IDS_UPDATE_DOWNLOAD">Download</message>
    <message id="IDS_UPDATE_ERROR">An error occurred while checking for updates.</message>
    <message id="IDS_UPDATE_EVERYDAY">Every day</message>
    <message id="IDS_UPDATE_EVERY_2WEEKS">Every 2 weeks</message>
    <message id="IDS_UPDATE_EVERY_MONTH">Every month</message>
    <message id="IDS_UPDATE_EVERY_WEEK">Every week</message>
    <message id="IDS_UPDATE_LAST_VERSION_INSTALLED">Your {PRODUCT} is already up to date.</message>
    <message id="IDS_UPDATE_NEVER">Never</message>
    <message id="IDS_UPDATE_NOT_AVAILABLE">No {PRODUCT} updates available.</message>
    <message id="IDS_UPDATE_OFFLINE">An error occurred while checking for updates.\nPlease check your Internet connection.</message>
    <message id="IDS_UPDATE_PRESS_CHECK">Press "Check" to search for updates.</message>
    <message id="IDS_UPDATE_PROJECT">Update Project</message>
    <message id="IDS_UPDATE_PROJECT_MESSAGE">Your project was created with a previous version of iSpring\nand must be updated to work with iSpring 8.\n\nDuring the process of updating your iSpring project, all\nlinked files will be copied into the project's folder.</message>
    <message id="IDS_UPDATE_START_CHECK">Check</message>
    <message id="IDS_VBA_DISABLED">Visual Basic for Applications (VBA) is disabled. You need to enable it to continue using {PRODUCT}.\nYou may need to contact the computer administrator to enable VBA.</message>
    <message id="IDS_VBA_NOT_INSTALLED">{PRODUCT} requires the Visual Basic for Applications (VBA) component to be installed with Microsoft Office. Please launch Microsoft Office {OFFICE_VERSION} Setup and install the VBA component.\n\nClick Yes to open instructions on installing the VBA component.</message>
    <message id="IDS_VIEWING_FROM_LOCAL_DRIVE">Enable viewing from local drive</message>
    <message id="IDS_VIEWING_FROM_LOCAL_DRIVE_DESCR">Check this option to support viewing from local drive or CD/DVD.\n\nEnabling this option will increase the final size of your book, since additional files will be generated.</message>
    <message id="IDS_WAITING_TO_CONNECT">Waiting to connect to {SERVER}</message>
    <message id="IDS_WARNING">Warning</message>
    <message id="IDS_WIDTH_IS_INVALID">Width must be within {MIN}-{MAX} pixels</message>
    <message id="IDS_YES">Yes</message>
    <message id="IDS_YOUTUBE_SIGN_IN_CAPTION">Connect to Youtube</message>
    <message id="IDS_YOUTUBE_SIGN_IN_FAILED">Email or password is incorrect.</message>
    <message id="IDS_YOUTUBE_SIGN_IN_FAILED_CAPTION">Sign In failed</message>
    <message id="IDS_YOUTUBE_SIGN_OUT_CONFIRMATION">Are you sure you want to sign out?</message>
    <message id="IDS_YOUTUBE_SIGN_OUT_CONFIRMATION_CAPTION">Sign Out Confirmation</message>
    <message id="IDS_YOUTUBE_UPLOAD_ERROR_CAPTION">Upload Failed</message>
    <message id="IDS_YOUTUBE_UPLOAD_ERROR_DESCRIPTION">There was an error uploading the video to YouTube.\nYou can save it on your computer and upload via browser later.</message>
    <message id="IDS_YOUTUBE_VIDEO_OBJECT">YouTube videos</message>
    <message id="IMPORT_ALL_SETTINGS_MENU_ITEM">Import settings</message>
    <message id="ISO_MANAGE_MESSAGE_RECORDING">The recording has been successfully uploaded to {ONLINE}.\nYou can manage the properties of the uploaded content online.</message>
    <message id="ISPRING_CLOUD_DEFAULT_ROOT_FOLDER">Repository</message>
    <message id="If you have already obtained a license, please enter your registration name and license key in the fields below.">If you have already obtained a license, please enter your registration name and license key in the fields below.</message>
    <message id="Insert">Insert</message>
    <message id="Insert Silence">Insert Silence</message>
    <message id="Installed version:">Installed version:</message>
    <message id="LANGUAGE_ID">en</message>
    <message id="LAUNCH_DESCRIPTION_WITH_VIDEO">The presentation contains video narration. \nTo view with video, use iSpring Play.</message>
    <message id="LCW.AboutDialog.BuildNotMaintained">Maintenance is not available for this version of the product</message>
    <message id="LCW.AboutDialog.BuildTemplate">Build {BUILD}</message>
    <message id="LCW.AboutDialog.Copyright">Copyright © 2005-2019 iSpring Solutions, Inc. All rights reserved.</message>
    <message id="LCW.AboutDialog.GetSupport">Get technical support</message>
    <message id="LCW.AboutDialog.GetSupportParthner"> </message>
    <message id="LCW.AboutDialog.MaintenanceActive">Maintenance is active</message>
    <message id="LCW.AboutDialog.MaintenanceExpiredDays">(expired)</message>
    <message id="LCW.AboutDialog.MaintenanceExpiringDays">({DAYS} [day,days] left)</message>
    <message id="LCW.AboutDialog.MaintenanceNotActive">Maintenance is inactive</message>
    <message id="LCW.AboutDialog.MaintenancePeriod">Expires: {DATE}</message>
    <message id="LCW.AboutDialog.MaintenanceTrialVersion">Trial version: {DAYS} [day,days] left</message>
    <message id="LCW.AboutDialog.RenewLicenseButton">Renew license…</message>
    <message id="LCW.AboutDialog.Title">About</message>
    <message id="LCW.AboutDialog.VersionTemplate">Version {VERSION}</message>
    <message id="LCW.AboutDlg.Activate license">Activate license</message>
    <message id="LCW.AboutDlg.CheckMaintenance">Activate Maintenance Renewal</message>
    <message id="LCW.AboutDlg.RenewMaintenance">Buy Maintenance Renewal</message>
    <message id="LCW.AboutDlg.SubscriptionLicenseExpired">Subscription period has expired</message>
    <message id="LCW.AboutDlg.TempLicenseExpired">Your license key has expired</message>
    <message id="LCW.Facebook.Url">http://www.facebook.com/iSpringPro</message>
    <message id="LCW.LinkedIn.Url">http://www.linkedin.com/company/ispring-solutions</message>
    <message id="LCW.MaintenanceWizard.LinkRenew">Learn more about Maintenance</message>
    <message id="LCW.NagScreen.ContentLibTitle1">iSpring</message>
    <message id="LCW.NagScreen.ContentLibTitle2">Content Library</message>
    <message id="LCW.NagScreen.RenewMaintenance">Activate Maintenance Renewal</message>
    <message id="LCW.Twitter.Url">http://twitter.com/iSpringPro</message>
    <message id="LCW.VK.Url">http://vk.com/ispring_ru</message>
    <message id="Label.InvalidPassword.ContainsNonAscii">The following characters are allowed in your password: a-z, A-Z, 0-9, and common punctuation.</message>
    <message id="Label.InvalidPassword.Empty">password cannot be empty</message>
    <message id="Label.InvalidPassword.Long">password must be shorter than {LENGHT} [character,characters]</message>
    <message id="Label.InvalidPassword.NotEqual">passwords do not match</message>
    <message id="Label.InvalidPassword.Short">password must be longer than {LENGHT} [character,characters]</message>
    <message id="Learn more…">Learn more…</message>
    <message id="License key:">License key:</message>
    <message id="Loop presentation">Loop presentation</message>
    <message id="ME_SAVE_CHANGES_QUESTION">Do you want to save the changes you made?</message>
    <message id="MIC_COMPLETE_HIGHSIGNAL_HEADER">It was too loud.</message>
    <message id="MIC_COMPLETE_HIGHSIGNAL_TEXT">Please, make sure that the microphone is located not too close. Speak calmly and clearly.&lt;br/&gt;&lt;br/&gt;\nClick &lt;b&gt;Back&lt;/b&gt; to repeat the microphone setup or &lt;b&gt;Finish&lt;/b&gt; to exit the wizard.</message>
    <message id="MIC_COMPLETE_LOWSIGNAL_HEADER">Your voice was barely audible.</message>
    <message id="MIC_COMPLETE_LOWSIGNAL_TEXT">During the microphone setup your voice was barely audible.&lt;br/&gt;\nPlease, make sure that the microphone is located not too far. Speak loudly and clearly.&lt;br/&gt;&lt;br/&gt;\nClick &lt;b&gt;Back&lt;/b&gt; to repeat the microphone setup or &lt;b&gt;Finish&lt;/b&gt; to exit the wizard.</message>
    <message id="MIC_COMPLETE_REPLACE_DEVICE_HEADER">Choose another microphone if available</message>
    <message id="MIC_COMPLETE_REPLACE_DEVICE_TEXT">The volume of sound recording with this microphone does not allow to get a good quality recording. For a better quality recording, we recommend choosing another device. &lt;br/&gt;&lt;br/&gt;\nTo continue using the chosen microphone, click &lt;b&gt;Finish.&lt;/b&gt;</message>
    <message id="MIC_COMPLETE_SUCCESS_HEADER">Your microphone is set up.</message>
    <message id="MIC_COMPLETE_SUCCESS_TEXT">The microphone is ready to use.</message>
    <message id="MIC_COMPLETE_TIMEOUT_HEADER">Time for microphone adjustment has expired.</message>
    <message id="MIC_COMPLETE_TIMEOUT_TEXT">Click &lt;b&gt;Next&lt;/b&gt; to repeat the microphone setup.</message>
    <message id="MIC_COMPLETE_TUNEDOFF_HEADER">Is your microphone turned on?</message>
    <message id="MIC_COMPLETE_TUNEDOFF_TEXT">During the microphone setup, your voice was not heard. &lt;br/&gt;\nPlease make sure that the microphone is turned on. &lt;br/&gt;&lt;br/&gt;\nClick &lt;b&gt;Back&lt;/b&gt; to repeat the microphone setup or &lt;b&gt;Cancel&lt;/b&gt; to exit the wizard.</message>
    <message id="MIC_DESKTOP_TEXT">Average quality of voice recording. Located on a table a short distance away from the speaker.</message>
    <message id="MIC_DEV_CURRENTLY_UNAVAILABLE">Currently unavailable</message>
    <message id="MIC_DEV_NOT_PLUGGED_IN">Not plugged in</message>
    <message id="MIC_DEV_READY">Ready</message>
    <message id="MIC_HEADSET_TEXT">One of the best methods of voice recording. Located near the speaker's mouth, decreases the amount of background noise.</message>
    <message id="MIC_INTERNAL_TEXT">Low quality voice recording. Webcam or microphone built into any device, increases the amount of background noise.</message>
    <message id="MIC_NO_CONNECTED_DEVICES">No connected devices</message>
    <message id="MIC_OTHER_TEXT">Other recording devices.</message>
    <message id="MIC_RADIO_DESKTOP">Desktop Microphone</message>
    <message id="MIC_RADIO_HEADSET">Headset Microphone</message>
    <message id="MIC_RADIO_INTERNAL">Webcam</message>
    <message id="MIC_RADIO_OTHER">Other</message>
    <message id="MIC_RECOMMENDATION_DESKTOP">&lt;li&gt;Position the microphone at a distance of no more than one foot&lt;/li&gt;\n&lt;li&gt;Point the microphone towards your face&lt;/li&gt;\n&lt;li&gt;Do not place the microphone close to the speakers&lt;/li&gt;</message>
    <message id="MIC_RECOMMENDATION_HEADSET">&lt;li&gt;Position the microphone at a short distance away from your mouth, off to one side&lt;/li&gt;\n&lt;li&gt;Do not breathe directly into the microphone&lt;/li&gt;\n&lt;li&gt;Make sure the mute button is not set to mute&lt;/li&gt;\n\n</message>
    <message id="MIC_RECOMMENDATION_INTERNAL">&lt;li&gt;Position the microphone at a distance of no more than two feet&lt;/li&gt;</message>
    <message id="MIC_RECOMMENDATION_NOTE_DESKTOP">For a better quality recording, we recommend &lt;br/&gt; using a headset or professional equipment.</message>
    <message id="MIC_RECOMMENDATION_NOTE_INTERNAL">Built-in microphones are not recommended for voice recording.&lt;br/&gt;For a better quality recording, we recommend using a headset or professional equipment.</message>
    <message id="MIC_RECOMMENDATION_OTHER">&lt;li&gt;Follow the microphone manufacturer's recommendations&lt;/li&gt;\n&lt;li&gt;During recording, stay at a constant distance from your microphone &lt;/li&gt;</message>
    <message id="MIC_RECOMMENDATION_TITLE">Recommendations</message>
    <message id="MIC_SELECT_DEVICE_TITLE">Select a recording device</message>
    <message id="MIC_SELECT_DEVICE_TYPE_TITLE">Select a recording device type</message>
    <message id="MIC_SETUP_DESIGNATION">Read the following text aloud:</message>
    <message id="MIC_SETUP_NOTE">After reading the text, click Next.</message>
    <message id="MIC_SETUP_TEXT">"Matilda is a very fluffy cat. She has a black back, white belly and tail. She has a black snout with long white whiskers. Her eyes are light green, but they turn yellow in bright sunlight. She has big black ears and a small pink nose."</message>
    <message id="MIC_SETUP_TITLE">Microphone Settings</message>
    <message id="MIC_VOLUME_CTRL_HIGH">High</message>
    <message id="MIC_VOLUME_CTRL_LOW">Low</message>
    <message id="MIC_WELCOME">Please take a few minutes to improve the quality of sound recording or run the wizard later.</message>
    <message id="MIC_WELCOME_LINK">Learn more about Microphone Wizard</message>
    <message id="MIC_WELCOME_TITLE">Welcome to the microphone setup wizard</message>
    <message id="MIC_WIZARD_CAPTION">Microphone Setup Wizard</message>
    <message id="MOBILE_INSTALL_APP_TEXT">MOBILE_INSTALL_APP_TEXT</message>
    <message id="MOBILE_LAUNCH_APP_DESCRIPTION">MOBILE_LAUNCH_APP_DESCRIPTION</message>
    <message id="MOBILE_OPEN_IN_APP_BUTTON">Launch</message>
    <message id="MOBILE_OPEN_IN_BROWSER">View in browser</message>
    <message id="MOBILE_OPEN_IN_BROWSER_TEXT">No, thanks. </message>
    <message id="Microphone:">Microphone:</message>
    <message id="Minimum slide duration">Minimum slide duration</message>
    <message id="Mouse Indication">Mouse Indication</message>
    <message id="NE_OPTIONS_NO_RESOLUTIONS">No resolution</message>
    <message id="NO_ACTIVE_PRESENTATION">No active presentation</message>
    <message id="NO_SLIDES_IN_PRESENTATION">No slides in the presentation</message>
    <message id="Navigation Options">Navigation Options</message>
    <message id="Navigation type:">Navigation type:</message>
    <message id="No updates were found">No updates were found</message>
    <message id="OAuth">OAuth</message>
    <message id="OK">OK</message>
    <message id="OPEN_IN_BROWSER_WITHOUT_VIDEO">View in browser without video</message>
    <message id="On restart:">On restart:</message>
    <message id="Opaque">Opaque</message>
    <message id="Open &amp;folder">Open &amp;folder</message>
    <message id="Open link in a new browser window">Open link in a new browser window</message>
    <message id="Open new windows into recording area">Open new windows inside recording area</message>
    <message id="Open the following Web page on mouse click">Open the following Web page on mouse click</message>
    <message id="Optimize images for resolution:">Optimize images for resolution:</message>
    <message id="Options ">Options</message>
    <message id="PACD.GradedItemsPanel.RateViewedSlides">Rate number of slides viewed:</message>
    <message id="PACD.GradedItemsPanel.Score">Score:</message>
    <message id="PACD.GradedItemsPanel.Slide">Slide</message>
    <message id="PACD.GradedItemsPanel.Title">Graded Items</message>
    <message id="PACD.GradedItemsPanel.Weight">Weight:</message>
    <message id="PACD.GradedItemsPanel.of{TOTAL_SLIDES}">of {TOTAL_SLIDES}</message>
    <message id="PACD.PresentationStatusPanel.CompleteFailed">Complete/Failed</message>
    <message id="PACD.PresentationStatusPanel.CompleteIncomplete">Complete/Incomplete</message>
    <message id="PACD.PresentationStatusPanel.ListCaption">Report status to LMS as:</message>
    <message id="PACD.PresentationStatusPanel.PassedFailed">Passed/Failed</message>
    <message id="PACD.PresentationStatusPanel.PassedIncomplete">Passed/Incomplete</message>
    <message id="PACD.PresentationStatusPanel.Title">Report completion</message>
    <message id="PACD.RateQuizzesAndDialogs">Rate quizzes and simulations</message>
    <message id="PACD.TimeoutSettingsPanel.DisplayMessage">Display message</message>
    <message id="PACD.TimeoutSettingsPanel.LessonDuration">Lesson duration:</message>
    <message id="PACD.TimeoutSettingsPanel.TerminateLesson">Terminate lesson</message>
    <message id="PACD.TimeoutSettingsPanel.TimeoutActions">Timeout actions:</message>
    <message id="PACD.TimeoutSettingsPanel.Title">Timeout</message>
    <message id="PACD.Title">Progress and Completion</message>
    <message id="PACD.TotalScorePanel.CustomPassingScore">Custom passing score:</message>
    <message id="PACD.TotalScorePanel.MaxScore">Max score:</message>
    <message id="PACD.TotalScorePanel.Title">Total score</message>
    <message id="PACD.TotalScorePanel.UseTotalGrade">Use total grade</message>
    <message id="PACP.Customize">Customize…</message>
    <message id="PACP.InteractiveItemsSubset({RATED_ITEMS},{TOTAL_ITEMS})">{RATED_ITEMS} of {TOTAL_ITEMS}</message>
    <message id="PACP.LMSCompletionStatus">Report status to LMS as:</message>
    <message id="PACP.LearnMore">Learn more about progress and completion settings</message>
    <message id="PACP.LessonDuration">Lesson duration:</message>
    <message id="PACP.MaxScore">Max score:</message>
    <message id="PACP.No">No</message>
    <message id="PACP.NoInteractiveItemsEstimation">No</message>
    <message id="PACP.NoSlideViewEstimation">No</message>
    <message id="PACP.PassingScore">Passing Score:</message>
    <message id="PACP.RateQuizzesAndDialogs">Rate quizzes and simulations:</message>
    <message id="PACP.RateSlides">Rate slides:</message>
    <message id="PACP.ShowMessageOnTimeout">Show message:</message>
    <message id="PACP.SlidesSubset({REQUIRED_SLIDES}, {TOTAL_SLIDES})">{REQUIRED_SLIDES} of {TOTAL_SLIDES}\n</message>
    <message id="PACP.TerminateLessonOnTimeout">Terminate lesson:</message>
    <message id="PACP.Title">Progress and Completion</message>
    <message id="PACP.UndefinedMaxScore">Not defined</message>
    <message id="PACP.UndefinedPassingScore">Not defined</message>
    <message id="PACP.Yes">Yes</message>
    <message id="PLAYLIST_N">Playlist {N}</message>
    <message id="PWDD_ACTIVATE">Activate iSpring on this computer</message>
    <message id="PWDD_CAN_ACTIVATE">Activate %PRODUCT% again using the current license key.\nYou will no longer be able to work with the iSpring.</message>
    <message id="PWDD_DEACTIVATED_BY_SUPPORT">If the reason is unknown to you, please contact technical support.</message>
    <message id="PWDD_DEACTIVATED_BY_USER">This copy of %PRODUCT% has been deactivated online by the license owner at ispringsolutions.com.</message>
    <message id="PWDD_IF_NO_ACCESS">If you don’t have the license details or cannot access your account online, contact the license owner or system administrator at your company.\nYou will no longer be able to work with the iSpring.</message>
    <message id="PWDD_LICENSE_IS_NOT_ACTIVATED">You will no longer be able to work with the iSpring.\n\nActivate %PRODUCT% again using the current license key.\n\nIf you have questions, please contact technical support.</message>
    <message id="PWDD_OK">OK</message>
    <message id="PWDD_PERSONAL_ACCOUNT_HLINK">Proceed to your account</message>
    <message id="PWDD_RESTRICTED">You will no longer be able to work with the iSpring.</message>
    <message id="PWDD_SUPPORT_HLINK">Contact iSpring Tech Support</message>
    <message id="PWDD_TITLE">Your license has been deactivated</message>
    <message id="PWDD_TITLE_LICENSE_IS_NOT_ACTIVATED">Your license is not activated</message>
    <message id="Passing %">Passing %</message>
    <message id="Password Protection">Password Protection</message>
    <message id="Password:">Password:</message>
    <message id="Passwords don't match">Passwords don't match</message>
    <message id="Passwords match">Passwords match</message>
    <message id="Pause/Resume:">Pause/Resume:</message>
    <message id="Permission:">Permission:</message>
    <message id="Playback Options">Playback Options</message>
    <message id="Please wait">Please wait</message>
    <message id="Position">Position</message>
    <message id="Preferences">Preferences</message>
    <message id="Preloader">Preloader</message>
    <message id="Preset:">Preset:</message>
    <message id="ProductSettingsDialog.Caption">Options</message>
    <message id="ProductSettingsDialog.ImprovementProgram.Caption">Customer Experience Improvement Program</message>
    <message id="ProductSettingsDialog.ImprovementProgram.Customize">Customize…</message>
    <message id="ProductSettingsDialog.ImprovementProgram.Disabled">Disabled</message>
    <message id="ProductSettingsDialog.ImprovementProgram.Enabled">Enabled</message>
    <message id="ProductSettingsDialog.ImprovementProgram.Stats">Statistics Collection:</message>
    <message id="ProductSettingsDialog.RecordSoundGroup.Caption">Audio recording</message>
    <message id="ProductSettingsDialog.RecordSoundGroup.Microphone">Microphone:</message>
    <message id="ProductSettingsDialog.RecordSoundGroup.SetUpMicrophone">Set up microphone</message>
    <message id="ProductSettingsDialog.RecordSoundGroup.Volume">Volume:</message>
    <message id="ProductSettingsDialog.RecordVideoGroup.Caption">Video recording</message>
    <message id="ProductSettingsDialog.RecordVideoGroup.Resolution">Resolution:</message>
    <message id="ProductSettingsDialog.RecordVideoGroup.Webcam">Webcam:</message>
    <message id="Protect presentation with a password">Protect presentation with a password</message>
    <message id="Publishing">Publishing</message>
    <message id="Purchase License">Purchase License</message>
    <message id="QuickStart.Browse">Browse…</message>
    <message id="QuickStart.Cam.CreateNewTitle">Create</message>
    <message id="QuickStart.Cam.OpenFileFilter">iSpring Cam (*.screenrec)|*.screenrec|</message>
    <message id="QuickStart.Cam.RecentDocsTitle">Recent Recordings</message>
    <message id="QuickStart.Community">Community</message>
    <message id="QuickStart.KnowledgeBase">Knowledge Base</message>
    <message id="QuickStart.NewRecordingLabel">New Recording</message>
    <message id="QuickStart.Support">Support</message>
    <message id="QuickStart.VideoTutorials">Video Tutorials</message>
    <message id="QuickStart.WindowTitle">Quick Start</message>
    <message id="RESET_ALL_SETTINGS_MENU_ITEM">Reset all settings</message>
    <message id="Rate">Rate</message>
    <message id="Record system sounds">Record system sounds</message>
    <message id="Register now">Register now</message>
    <message id="Registration name:">Registration name:</message>
    <message id="Remove">Remove</message>
    <message id="Renew Now">Buy Maintenance Renewal</message>
    <message id="SB.Ribbon.QA.UndoOne">Undo 1 Action</message>
    <message id="SB.Ribbon.QA.UndoSeveral">Undo %d Actions</message>
    <message id="SC.Ribbon.MaintenancePanel">  Maintenance  </message>
    <message id="SC.Ribbon.Panel.Info">About</message>
    <message id="Save">Save</message>
    <message id="Save preset…">Save Preset…</message>
    <message id="Save slide animation state">Save slide animation state</message>
    <message id="Score">Score</message>
    <message id="ScreenRec.Ribbon.AppMenu.Exit.Tooltip">Exit</message>
    <message id="ScreenRec.Ribbon.AppMenu.Open.Tooltip">Open Project</message>
    <message id="ScreenRec.Ribbon.AppMenu.Save.Tooltip">Save Project</message>
    <message id="ScreenRec.Ribbon.AppMenu.SaveAs.Tooltip">Save Project As</message>
    <message id="ScreenRec.Ribbon.EditRecording.Tooltip">Edit</message>
    <message id="ScreenRec.Ribbon.EditRecording.TooltipDesc">Edit this screen recording.</message>
    <message id="ScreenRec.Ribbon.ExportVideo.Tooltip">Save as Video</message>
    <message id="ScreenRec.Ribbon.ExportVideo.TooltipDesc">Save this screen recording to your disk in {FORMAT} format.</message>
    <message id="ScreenRec.Ribbon.InsertIntoSlide.Tooltip">Insert into Presentation</message>
    <message id="ScreenRec.Ribbon.InsertIntoSlide.TooltipDesc">Insert this screen recording into your PowerPoint presentation.</message>
    <message id="ScreenRec.Ribbon.NewRecording.Tooltip">New Recording</message>
    <message id="ScreenRec.Ribbon.NewRecording.TooltipDesc">Start a new screen recording.</message>
    <message id="ScreenRec.Ribbon.SaveAndReturnToCourse.Tooltip">Save and return</message>
    <message id="ScreenRec.Ribbon.SaveAndReturnToCourse.TooltipDesc">Save changes and return to PowerPoint.</message>
    <message id="ScreenRec.Ribbon.UploadToCloud.Tooltip">Upload to iSpring Cloud</message>
    <message id="ScreenRec.Ribbon.UploadToCloud.TooltipDesc">Upload this screen recording to iSpring Cloud.</message>
    <message id="ScreenRec.Ribbon.UploadToYoutube.Tooltip">Upload to YouTube</message>
    <message id="ScreenRec.Ribbon.UploadToYoutube.TooltipDesc">Upload this screen recording to YouTube.</message>
    <message id="Seconds to spend on each slide:">Seconds to spend on each slide:</message>
    <message id="Select application">Select application</message>
    <message id="Select area">Select area</message>
    <message id="Selected slides ({COUNT} [slide,slides])">Selected slides ({COUNT} [slide,slides])</message>
    <message id="SendFeedbackWindow.NoButton">Next Time</message>
    <message id="SendFeedbackWindow.SendButton">Take Survey</message>
    <message id="SendFeedbackWindow.Title">Send Feedback to iSpring</message>
    <message id="Set Up Microphone">Set Up Microphone</message>
    <message id="Shortcuts ">Shortcuts</message>
    <message id="Show mouse cursor">Show mouse cursor</message>
    <message id="Show system tray icon">Show system tray icon</message>
    <message id="Sign In">Sign In</message>
    <message id="Sign In Failed">Sign In Failed</message>
    <message id="Sign Out">Sign Out</message>
    <message id="Slide Range">Slide Range</message>
    <message id="Start presentation automatically">Start presentation automatically</message>
    <message id="Static">Static</message>
    <message id="Stop recording:">Stop recording:</message>
    <message id="Time Restrictions">Time Restrictions</message>
    <message id="Title">Title</message>
    <message id="Title:">Title:</message>
    <message id="To use {PRODUCT} in commercial, educational or non-profit purposes you need to get a free product license.">To use {PRODUCT} for commercial, educational or non-profit purposes, you need to get a free product license.</message>
    <message id="Total progress">Total progress</message>
    <message id="Transparency">Transparency</message>
    <message id="Transparent">Transparent</message>
    <message id="UI.Publish.AICC">AICC</message>
    <message id="UI.Publish.AccountLabel">Account:</message>
    <message id="UI.Publish.Author">Author:</message>
    <message id="UI.Publish.Background">Background:</message>
    <message id="UI.Publish.BlackBoard9">BlackBoard 9.x</message>
    <message id="UI.Publish.BrowseFolderButton">Browse…</message>
    <message id="UI.Publish.CMI5">cmi5</message>
    <message id="UI.Publish.CMI5.LaunchMethod.AnyWindow">Any Window</message>
    <message id="UI.Publish.CMI5.LaunchMethod.OwnWindow">Own Window</message>
    <message id="UI.Publish.Compression.AudioCompressionGroup">Audio Compression</message>
    <message id="UI.Publish.Compression.VideoCompressionGroup">Video Compression</message>
    <message id="UI.Publish.CompressionPresetLabel">Preset:</message>
    <message id="UI.Publish.ConfirmLogout">Do you really want to log out?</message>
    <message id="UI.Publish.ConfirmLogoutTitle">Confirm logout</message>
    <message id="UI.Publish.ConfirmPassword">Confirm password:</message>
    <message id="UI.Publish.ContentPropertiesGroup">Content Properties</message>
    <message id="UI.Publish.CourseInformation">Course Information</message>
    <message id="UI.Publish.CourseTitle">Title:</message>
    <message id="UI.Publish.DeletePresetButton">Delete</message>
    <message id="UI.Publish.Description">Description:</message>
    <message id="UI.Publish.DestFolder">Destination folder:</message>
    <message id="UI.Publish.DocumentTitle">Title:</message>
    <message id="UI.Publish.EnableControlAPI">Enable presentation control API</message>
    <message id="UI.Publish.EnablePassword">Protect book with a password</message>
    <message id="UI.Publish.EnableTextEdit">Enable text editing and allocation</message>
    <message id="UI.Publish.EnableVideoControls">Enable slide video controls</message>
    <message id="UI.Publish.ExitManualUpload">Exit</message>
    <message id="UI.Publish.ExperienceAPI">Experience API</message>
    <message id="UI.Publish.ExtendedAudioVideoCompatibility">Extended audio and video compatibility</message>
    <message id="UI.Publish.ExtendedFontCompatibility">Extended font compatibility</message>
    <message id="UI.Publish.FitToWindow">Fit to window</message>
    <message id="UI.Publish.General.UploadSourcesCheck">Upload source files</message>
    <message id="UI.Publish.General.VideoDestination">Destination:</message>
    <message id="UI.Publish.GenerateNarrationEachSlide">Generate narration files for each slide</message>
    <message id="UI.Publish.GetBlackboardBlock">Get iSpring Building Block for Blackboard</message>
    <message id="UI.Publish.HTML5PropertiesOptionGroup">HTML5 Properties</message>
    <message id="UI.Publish.Identifier">Identifier:</message>
    <message id="UI.Publish.ImageCompression.HQLabel">High quality</message>
    <message id="UI.Publish.ImageCompression.LosslessRadio">Lossless (PNG only)</message>
    <message id="UI.Publish.ImageCompression.LossyRadio">Lossy (JPEG only)</message>
    <message id="UI.Publish.ImageCompression.SmallSizeLabel">Small size</message>
    <message id="UI.Publish.ImageCompression.SmartRadio">Smart (PNG + JPEG)</message>
    <message id="UI.Publish.ImageCompressionGroup">Image Compression</message>
    <message id="UI.Publish.Keywords">Keywords:</message>
    <message id="UI.Publish.LMS.CompleteFailed">Complete/Failed</message>
    <message id="UI.Publish.LMS.CompleteIncomplete">Complete/Incomplete</message>
    <message id="UI.Publish.LMS.PassedFailed">Passed/Failed</message>
    <message id="UI.Publish.LMS.PassedIncomplete">Passed/Incomplete</message>
    <message id="UI.Publish.LMSType">Type:</message>
    <message id="UI.Publish.LaunchMethod">Launch method:</message>
    <message id="UI.Publish.LessonTitle">Lesson Title:</message>
    <message id="UI.Publish.LocalDriveViewing">Enable viewing from local drive</message>
    <message id="UI.Publish.LocalFolder">Local folder:</message>
    <message id="UI.Publish.Logout">Logout</message>
    <message id="UI.Publish.MultimediaProcessing">Multimedia Objects Processing</message>
    <message id="UI.Publish.OfflineMode">Offline mode</message>
    <message id="UI.Publish.OnRestart">On restart:</message>
    <message id="UI.Publish.OnRestart.AlwaysResume">Always resume</message>
    <message id="UI.Publish.OnRestart.AlwaysStartOver">Always start over</message>
    <message id="UI.Publish.OnRestart.PromtToResume">Prompt to resume</message>
    <message id="UI.Publish.Optimization">Compatibility</message>
    <message id="UI.Publish.OptionsButton">Options…</message>
    <message id="UI.Publish.OutputFormat.Combined">Combined (HTML5 + Flash)</message>
    <message id="UI.Publish.OutputFormat.Exe">Executable (EXE)</message>
    <message id="UI.Publish.OutputFormat.FlashRadio">Desktop (Flash)</message>
    <message id="UI.Publish.OutputFormat.Html5Radio">Mobile (HTML5)</message>
    <message id="UI.Publish.OutputFormat.StanaloneSlides">Standalone slides (Flash)</message>
    <message id="UI.Publish.OutputFormat.UseFlashSolidCheck">All in one Flash file</message>
    <message id="UI.Publish.OutputFormat.UseViewerCheck">Use iSpring Play</message>
    <message id="UI.Publish.OutputFormat.ZipCheck">Zip output</message>
    <message id="UI.Publish.OutputFormatGroup">Output</message>
    <message id="UI.Publish.OutputFormatHtml5">HTML5 Options</message>
    <message id="UI.Publish.Password">Password:</message>
    <message id="UI.Publish.Pixels">pixels</message>
    <message id="UI.Publish.PlaybackControlAPI">Playback Control API</message>
    <message id="UI.Publish.PlaybackOptionsGroup">Playback Options</message>
    <message id="UI.Publish.PreviewGroup">Player</message>
    <message id="UI.Publish.Publish">Publish</message>
    <message id="UI.Publish.ReportCompletion">Report Completion</message>
    <message id="UI.Publish.ReportStatusLMS">Report status to LMS as:</message>
    <message id="UI.Publish.SCORM1.2">SCORM 1.2</message>
    <message id="UI.Publish.SCORM2004">SCORM2004</message>
    <message id="UI.Publish.SCORM2004.2ndEdition">2nd Edition</message>
    <message id="UI.Publish.SCORM2004.3rdEdition">3rd Edition</message>
    <message id="UI.Publish.SCORM2004.4thEdition">4th Edition</message>
    <message id="UI.Publish.SavePresetButton">Save Preset…</message>
    <message id="UI.Publish.Scale">Scale:</message>
    <message id="UI.Publish.SelectFolderButton">Select folder…</message>
    <message id="UI.Publish.Seсurity">Security</message>
    <message id="UI.Publish.Size">Size:</message>
    <message id="UI.Publish.Tags">Tags:</message>
    <message id="UI.Publish.VideoFileName">File name:</message>
    <message id="UI.Publish.VideoHostingConnecting">Connecting...</message>
    <message id="UI.Publish.WordOptions.ShowDetailsCheckbox">Show correct answers and quiz details</message>
    <message id="UI.Publish.xAPI.ConsumerKey">Consumer key:</message>
    <message id="UI.Publish.xAPI.Email">Email:</message>
    <message id="UI.Publish.xAPI.LearnerInfo">Learner information</message>
    <message id="UI.Publish.xAPI.Login">Login:</message>
    <message id="UI.Publish.xAPI.Name">Name:</message>
    <message id="UI.Publish.xAPI.Password">Password:</message>
    <message id="UI.Publish.xAPI.Security">Security</message>
    <message id="UI.Publish.xAPIEndpoint">xAPI endpoint:</message>
    <message id="UI.PublishDlg.AdvancedBookTab">Advanced</message>
    <message id="UI.PublishDlg.AdvancedTab">Advanced</message>
    <message id="UI.PublishDlg.CompressionTab">Compression</message>
    <message id="UI.PublishDlg.GeneralTab">General</message>
    <message id="UI.PublishDlg.LearningCourseTab">Learning Course</message>
    <message id="UI.PublishDlg.PlaybackAndNavigationTab">Playback and Navigation</message>
    <message id="UI.PublishDlg.Protection">Protection</message>
    <message id="UI.PublishDlg.Title">Publish Presentation</message>
    <message id="UI.SavePreset.ErrorDescrLabel">Preset name invalid</message>
    <message id="UI.SavePreset.PresetNameLabel">Preset name:</message>
    <message id="UI.SavePreset.Title">Save Preset As</message>
    <message id="UNABLE_TO_CREATE_PRESENTATION">Unable to create presentation</message>
    <message id="UNABLE_TO_SAVE_PRESENTATION_COPY">Unable to save  presentation copy</message>
    <message id="Upload to Cloud">Upload to iSpring Cloud</message>
    <message id="Upload to YouTube">Upload to YouTube</message>
    <message id="Video 16:9 720p">Video 16:9 720p</message>
    <message id="Video 4:3 720p">Video 4:3 720p</message>
    <message id="Video Information">Video Information</message>
    <message id="Video Settings">Video Settings</message>
    <message id="Video clips">Video clips</message>
    <message id="Video profile:">Video profile:</message>
    <message id="Video resolution:">Video resolution:</message>
    <message id="VideoSettingsDialogCancelLabel">Cancel</message>
    <message id="Volume:">Volume:</message>
    <message id="WARNING_EMPTY_TITLE">Please specify title</message>
    <message id="WARNING_INVALID_CHARS_IN_PASSWORD">Content password contains at least one but no more than 32 characters and the characters can only be numbers and letters (case-sensitive).</message>
    <message id="WARNING_INVALID_CHARS_IN_PATH">The field can't contain any of the following characters:\n{CHARS}</message>
    <message id="WARNING_INVALID_TITLE">The presentation title is not valid. It should not include reserved names.</message>
    <message id="Weight">Weight</message>
    <message id="Welcome to {PRODUCT} Registration Wizard.">Welcome to the {PRODUCT} Registration Wizard.</message>
    <message id="Welcome to {PRODUCT}!">Welcome to {PRODUCT}!</message>
    <message id="X">X</message>
    <message id="YOUTUBE_REQUEST_LOCALIZATION_PARAMETER_VALUE">en-US</message>
    <message id="YOUTUBE_VIDEO_CATEGORIES_LIST_REGION_CODE">US</message>
    <message id="You can continue to use {PRODUCT}\nby purchasing the software.">You can continue to use {PRODUCT}\nby purchasing the software.</message>
    <message id="[Day,Days] Remaining">[Day,Days] Remaining</message>
    <message id="iSpring Cam">Free Cam</message>
    <message id="seconds">seconds</message>
    <message id="x">x</message>
    <message id="xAPI endpoint options">xAPI endpoint options</message>
    <message id="{PRODUCT} Registration Wizard">{PRODUCT} Registration Wizard</message>
  </messages>

</language>
