﻿<?xml version="1.0" encoding="UTF-8" standalone="no" ?>
<language>

  <messages>
    <message id="CI_ADDIN_PARENT_PROCESS_NAME">PowerPoint</message>
    <message id="CI_CLOSE_APPS">Close applications and attempt to restart them after setup is complete.</message>
    <message id="CI_COMMON_TITLE">{PRODUCT} Update</message>
    <message id="CI_CONTACT_SUPPORT_TEXT">Contact iSpring Technical Support</message>
    <message id="CI_DOWNLOAD_INFO">Please wait while the Setup Wizard downloads the {PRODUCT} installation package.</message>
    <message id="CI_DOWNLOAD_PREPARE_STATUS">Status: connecting to the iSpring server</message>
    <message id="CI_DOWNLOAD_STATUS">Status: downloading the {PRODUCT} installation package -</message>
    <message id="CI_DO_NOT_CLOSE_APPS">Do not close applications. A reboot will be required.</message>
    <message id="CI_ERROR_DOWNLOAD_INTERRUPT_MESSAGE">Installation package download was interrupted.\nPlease check your Internet connection and try again.</message>
    <message id="CI_ERROR_DOWNLOAD_INTERRUPT_SUBTITLE">Internet connection error</message>
    <message id="CI_ERROR_DOWNLOAD_IN_BROWSER">Download the installation package via a browser</message>
    <message id="CI_ERROR_DOWNLOAD_MESSAGE">The installation package could not be downloaded. Please check your Internet connection or Firewall settings and try again.</message>
    <message id="CI_ERROR_DOWNLOAD_SUBTITLE">iSpring server communication error</message>
    <message id="CI_ERROR_INFO_COMMON">An error occurred while updating the product.\n\nTo restart the update, click Retry.\n\nTo exit the setup program, click Close. If you cancel the update, your system will not be modified.</message>
    <message id="CI_ERROR_OUT_OF_DISK_SPACE_MESSAGE">There is not enough disk space on {DRIVE} drive to complete the action.\n\nPlease clear some space and try again.</message>
    <message id="CI_ERROR_OUT_OF_DISK_SPACE_SUBTITLE">Not enough disk space</message>
    <message id="CI_ERROR_SUBTITLE">Update error</message>
    <message id="CI_FILES_IN_USE_LABEL">The following applications are using files that need to be updated by this setup.</message>
    <message id="CI_FILES_IN_USE_SUBTITLE">Some files that need to be updated are currently in use</message>
    <message id="CI_FINISH_TITLE">{PRODUCT} update has completed successfully</message>
    <message id="CI_INSTALLER_ERROR_INFO_DESCRIPTION">Error code {CODE}:  {DETAILS}</message>
    <message id="CI_INSTALLER_ERROR_INSTALL_ALREADY_RUNNING">Another installation is already in progress. Complete that installation before proceeding with this install.</message>
    <message id="CI_INSTALLER_ERROR_MESSAGE">Cannot continue. Please send the following error code to iSpring Technical Support:</message>
    <message id="CI_INSTALLER_ERROR_SUBTITLE">An error occurred during the product installation.</message>
    <message id="CI_INSTALL_AVAILABLE_STATUS">Status: installing an available version -</message>
    <message id="CI_INSTALL_INFO">Please wait until {PRODUCT} installation is complete</message>
    <message id="CI_INSTALL_NEW_STATUS">Status: installing {PRODUCT} - </message>
    <message id="CI_INTERNAL_ERROR_DESCRIPTION">Internal error</message>
    <message id="CI_INTERRUPT_DOWNGRADE_ADD_SUBTITLE">\nWith any questions on switching back to using the full version of {PRODUCT}, please contact the iSpring Technical Support Service.</message>
    <message id="CI_INTERRUPT_DOWNGRADE_SUBTITLE">The trial version of {PRODUCT} was deleted and cannot be restored.\nThe full version of {PRODUCT} was not installed as the update process was interrupted.\n\nTo install the full version,</message>
    <message id="CI_INTERRUPT_OPEN_IN_BROWSER_TEXT">please download the installation package using your browser.</message>
    <message id="CI_INTERRUPT_SUBTITLE">Your system has not been modified.\n\nTo exit the setup program, click Finish.</message>
    <message id="CI_INTERRUPT_TITLE">{PRODUCT} update was interrupted</message>
    <message id="CI_LICENSE_ACCEPT_CHECK">I accept the terms of the License Agreement</message>
    <message id="CI_LICENSE_SUBTITLE">Please read the following License Agreement carefully</message>
    <message id="CI_LICENSE_TITLE">End-User License Agreement</message>
    <message id="CI_REQUEST_CANCEL_INSTALLATION">Cancel the {PRODUCT} installation?</message>
    <message id="CI_REQUEST_CANCEL_INSTALLATION_NO_REVERT">The trial version of {PRODUCT} was deleted and cannot be restored.\nTo switch back to the full version, please continue the setup process.\n\nCancel the {PRODUCT} full version installation?</message>
    <message id="CI_UNINSTALL_OLD_STATUS">Status: deleting the previous {PRODUCT} version -</message>
    <message id="CI_WELCOME_INFO">An update has been downloaded successfully.\n\nTo install the update, please close {PRODUCT} and click Next.</message>
    <message id="Error">Error</message>
    <message id="Fatal Error">Critical Error</message>
    <message id="WIZARD_BTN_CANCEL">Cancel</message>
    <message id="WIZARD_BTN_FINISH">Finish</message>
    <message id="WIZARD_BTN_IGNORE">Ignore</message>
    <message id="WIZARD_BTN_LAUNCH_APP">Get started</message>
    <message id="WIZARD_BTN_NEXT">Next</message>
    <message id="WIZARD_BTN_RETRY">Retry</message>
    <message id="Warning">Warning</message>
    <message id="{PRODUCT} Setup">{PRODUCT} Setup</message>
  </messages>

</language>
